kirk_kd,46fe8eec-15ca-3697-9e6b-8e02678fb57a
mr_cheese,39095208-d1ee-3f8c-aa0c-bf62e9b6947a
test,530fa97a-357f-3c19-94d3-0c5c65c18fe8
alex_,218df6b0-44e9-36b2-a7f8-7760a42aea85
capitalism,c1c35f7a-5ec0-3b98-8643-24e1c8ea3f47
capitalism2,4d578663-0d38-3f94-a3c5-1428574b935c
racism_gaming,da631558-1546-35bb-ad7f-6711aeeb78a2
eagleagl874,55120354-d64f-3df8-9b4b-ba6e4e6e0fd1
jndi_ldap,d17b337d-840f-3135-908b-4878e994f392
iamsorry_,1e39b49e-de3e-3e7c-94b5-95c75715d48e
skatman,80757435-ce5a-36ae-83ee-f096db720dc3
